{
  "subscriptions": [
    {
      "email": "ida_dace@t.mk",
      "active": true,
      "expires": "2025-12-20T08:33:41.192Z"
    },
    {
      "email": "zdravko@esco.mk",
      "active": true,
      "expires": "2025-12-20T08:35:25.216Z"
    }
  ],
  "orders": [
    {
      "orderId": "1763627610254",
      "email": "ida_dace@t.mk",
      "appFile": "pv_calculator.html",
      "status": "paid",
      "created": "2025-11-20T08:33:30.254Z"
    },
    {
      "orderId": "1763627723878",
      "email": "zdravko@esco.mk",
      "appFile": "Roof Insulation_EN.html",
      "status": "paid",
      "created": "2025-11-20T08:35:23.878Z"
    }
  ]
}